mimi-123456-mimi@abv.bg
mimo-654321-sti@abv.bg
gogi-123-gogi@abv.bg
sti-123456-st@abv.bg
ss-ss-sti@abv.bg
stst-stst-ss@abv.bg
kiki-kiki1-kiki@gmail.com
neli-neli1-neli@gmail.com
stil-stil1-stilyn@abv.bg
meli-123-meli@abv
cici-1234-cici@cici